{"cameraMode":{"drawMode":0,"name":"Shaded","section":"Shading Mode"},"sceneLighting":true,"audioPlay":false,"sceneViewState":{"showFog":true,"showMaterialUpdate":true,"showSkybox":false,"showFlares":true,"showImageEffects":true,"showParticleSystems":true},"in2DMode":false,"pivot":{"x":7.384367942810059,"y":9.25088119506836,"z":-1.616379737854004},"rotation":{"x":-0.02225254476070404,"y":0.6353124976158142,"z":-0.018290681764483453,"w":-0.7716799974441528},"size":11.112251281738282,"orthographic":false}