{"cameraMode":{"drawMode":0,"name":"Shaded","section":"Shading Mode"},"sceneLighting":true,"audioPlay":false,"sceneViewState":{"showFog":true,"showMaterialUpdate":true,"showSkybox":false,"showFlares":true,"showImageEffects":true,"showParticleSystems":true},"in2DMode":false,"pivot":{"x":-4.909999847412109,"y":0.630000114440918,"z":-10.229999542236329},"rotation":{"x":-0.09926319122314453,"y":0.7264128923416138,"z":-0.10731075704097748,"w":-0.6714991331100464},"size":93.31878662109375,"orthographic":false}