{"cameraMode":{"drawMode":0,"name":"Shaded","section":"Shading Mode"},"sceneLighting":true,"audioPlay":false,"sceneViewState":{"showFog":true,"showMaterialUpdate":true,"showSkybox":false,"showFlares":true,"showImageEffects":true,"showParticleSystems":true},"in2DMode":false,"pivot":{"x":-9.032941818237305,"y":3.2506871223449709,"z":0.2992875874042511},"rotation":{"x":-0.08822289854288101,"y":0.6915273666381836,"z":-0.0856989175081253,"w":-0.7117661833763123},"size":19.818376541137697,"orthographic":false}