{"cameraMode":{"drawMode":0,"name":"Shaded","section":"Shading Mode"},"sceneLighting":true,"audioPlay":false,"sceneViewState":{"showFog":true,"showMaterialUpdate":true,"showSkybox":false,"showFlares":true,"showImageEffects":true,"showParticleSystems":true},"in2DMode":false,"pivot":{"x":10.771655082702637,"y":9.312816619873047,"z":-4.251609802246094},"rotation":{"x":-0.02659601904451847,"y":0.9711681008338928,"z":-0.13073277473449708,"w":-0.19757245481014253},"size":22.584667205810548,"orthographic":false}